iPhone 14 Pro,999.99
Dyson V11 Vacuum,499.99
Levi's 501 Jeans,69.99
The Da Vinci Code,15.99
Neutrogena Skincare Set,89.99
Wilson Evolution Basketball,29.99
MacBook Pro 16-inch,2499.99
Blueair Classic 480i,599.99
Nike Air Force 1,89.99
Dune by Frank Herbert,25.99
Chanel No. 5 Perfume,129.99
Babolat Pure Drive Tennis Racket,199.99
Samsung Galaxy Tab S8,749.99
Keurig K-Elite Coffee Maker,189.99
North Face Down Jacket,249.99
"Salt, Fat, Acid, Heat by Samin Nosrat",35.99
Dyson Supersonic Hair Dryer,399.99
Manduka PRO Yoga Mat,119.99
Garmin Forerunner 945,499.99
Ninja Professional Blender,99.99
Zara Summer Dress,59.99
Gone Girl by Gillian Flynn,22.99
Olay Regenerist Face Cream,49.99
Adidas FIFA World Cup Football,29.99
Bose QuietComfort 35 Headphones,299.99
Panasonic NN-SN966S Microwave,179.99
Adidas Ultraboost Shoes,179.99
Pride and Prejudice by Jane Austen,12.99
MAC Ruby Woo Lipstick,29.99
Nike Air Zoom Pegasus 37,129.99
Sony WH-1000XM4 Headphones,349.99
Instant Pot Duo,89.99
Under Armour HeatGear T-Shirt,29.99
1984 by George Orwell,19.99
L'Oreal Revitalift Serum,39.99
Peloton Bike,1895.0
Apple Watch Series 8,399.99
Roomba i7+,799.99
Columbia Fleece Jacket,59.99
Harry Potter and the Sorcerer's Stone,24.99
Estee Lauder Advanced Night Repair,105.0
Fitbit Charge 5,129.99
GoPro HERO10 Black,399.99
Nespresso VertuoPlus,199.99
Patagonia Better Sweater,139.99
Becoming by Michelle Obama,32.5
Clinique Moisture Surge,52.0
Yeti Rambler Tumbler,39.99
Kindle Paperwhite,129.99
Breville Smart Oven,299.99
Ray-Ban Aviator Sunglasses,154.99
The Silent Patient by Alex Michaelides,26.99
Shiseido Ultimate Sun Protector,49.0
Titleist Pro V1 Golf Balls,49.99
Anker PowerCore Portable Charger,59.99
KitchenAid Artisan Stand Mixer,499.99
Calvin Klein Boxer Briefs,29.99
Educated by Tara Westover,28.0
Anastasia Beverly Hills Brow Wiz,23.0
Hyperice Hypervolt Massager,349.0
Nintendo Switch,299.99
Philips Airfryer XXL,199.99
Hanes ComfortSoft T-Shirt,9.99
Where the Crawdads Sing by Delia Owens,18.99
Lancome La Vie Est Belle,102.0
Garmin Edge 530,299.99
Samsung QLED 4K TV,1199.99
Eufy RoboVac 11S,219.99
Puma Suede Classic Sneakers,59.99
The Great Gatsby by F. Scott Fitzgerald,10.99
Drunk Elephant C-Firma Day Serum,78.0
Nike Metcon 6,129.99
HP Spectre x360 Laptop,1599.99
De'Longhi Magnifica Espresso Machine,899.99
Tommy Hilfiger Polo Shirt,49.99
To Kill a Mockingbird by Harper Lee,14.99
Glossier Boy Brow,16.0
Rogue Fitness Kettlebell,69.99
Apple AirPods Pro,249.99
Dyson Pure Cool Link,499.99
Levi's Trucker Jacket,89.99
The Hobbit by J.R.R. Tolkien,12.99
Charlotte Tilbury Magic Cream,100.0
Spalding NBA Street Basketball,24.99
Ring Video Doorbell,99.99
LG OLED TV,1299.99
Uniqlo Ultra Light Down Jacket,79.99
The Catcher in the Rye by J.D. Salinger,13.99
Sunday Riley Good Genes,105.0
On Running Cloud Shoes,129.99
Logitech MX Master 3 Mouse,99.99
Instant Pot Duo Crisp,179.99
Adidas Originals Superstar Sneakers,79.99
The Alchemist by Paulo Coelho,14.99
Tatcha The Water Cream,68.0
Garmin Fenix 6X Pro,999.99
Bose SoundLink Revolve+ Speaker,299.99
Vitamix Explorian Blender,349.99
Gap Essential Crewneck T-Shirt,19.99
The Power of Now by Eckhart Tolle,12.99
Kiehl's Midnight Recovery Concentrate,82.0
Under Armour HOVR Sonic 4 Shoes,109.99
Canon EOS R5 Camera,3899.99
Shark IQ Robot Vacuum,349.99
H&M Slim Fit Jeans,39.99
The Girl on the Train by Paula Hawkins,10.99
The Ordinary Niacinamide Serum,6.5
Bowflex SelectTech 552 Dumbbells,399.99
Google Nest Hub Max,229.99
Cuisinart Griddler Deluxe,159.99
Old Navy Relaxed-Fit T-Shirt,14.99
Sapiens: A Brief History of Humankind by Yuval Noah Harari,18.99
Biore UV Aqua Rich Watery Essence Sunscreen,15.0
Fitbit Versa 3,229.95
Amazon Echo Show 10,249.99
Breville Smart Grill,299.95
Gap High Rise Skinny Jeans,49.99
Atomic Habits by James Clear,16.99
CeraVe Hydrating Facial Cleanser,14.99
YETI Hopper Flip Portable Cooler,249.99
Apple iPad Air,599.99
Hamilton Beach FlexBrew Coffee Maker,89.99
Forever 21 Graphic Tee,12.99
The Subtle Art of Not Giving a F*ck by Mark Manson,14.99
NARS Radiant Creamy Concealer,30.0
Yeti Roadie 24 Cooler,199.99
Sony PlayStation 5,499.99
Dyson Supersonic Hair Dryer,399.99
Lululemon Align Leggings,98.0
The Four Agreements by Don Miguel Ruiz,8.99
Fenty Beauty Killawatt Highlighter,36.0
Hydro Flask Wide Mouth Water Bottle,39.95
Microsoft Surface Laptop 4,1299.99
Keurig K-Mini Coffee Maker,79.99
Gap Crewneck Sweatshirt,34.99
Think and Grow Rich by Napoleon Hill,9.99
The Ordinary Hyaluronic Acid Serum,6.8
Fitbit Inspire 2,99.95
Samsung Odyssey G9 Gaming Monitor,1499.99
Instant Pot Ultra,139.99
Adidas Essential Track Pants,44.99
The Power of Habit by Charles Duhigg,11.99
Clinique Dramatically Different Moisturizing Lotion,29.5
YETI Tundra 45 Cooler,299.99
Apple AirPods Max,549.0
Cuisinart Coffee Center,199.95
Levi's Sherpa Trucker Jacket,98.0
The Outsiders by S.E. Hinton,10.99
Laneige Water Sleeping Mask,25.0
Bose SoundSport Wireless Earbuds,149.99
Sony WH-1000XM4 Headphones,349.99
Ninja Foodi Pressure Cooker,199.99
Nike Sportswear Club Fleece Hoodie,54.99
The Night Circus by Erin Morgenstern,16.99
GlamGlow Supermud Clearing Treatment,59.0
Garmin Forerunner 245,299.99
Google Pixel 6 Pro,899.99
Breville Nespresso Creatista Plus,499.95
Under Armour Tech 2.0 T-Shirt,24.99
The Art of War by Sun Tzu,7.99
Youth to the People Superfood Antioxidant Cleanser,36.0
TriggerPoint GRID Foam Roller,34.99
Apple MacBook Air,1199.99
Cuisinart Custom 14-Cup Food Processor,199.99
Adidas 3-Stripes Shorts,29.99
The Hunger Games by Suzanne Collins,8.99
Neutrogena Hydro Boost Water Gel,16.99
Yeti Rambler Bottle,49.99
Samsung Odyssey G7 Gaming Monitor,699.99
Instant Pot Duo Evo Plus,139.99
Nike Tempo Running Shorts,34.99
The Girl with the Dragon Tattoo by Stieg Larsson,9.99
Paula's Choice Skin Perfecting 2% BHA Liquid Exfoliant,29.5
Bowflex SelectTech 1090 Adjustable Dumbbells,699.99
Amazon Fire TV Stick 4K,49.99
Crock-Pot 6-Quart Slow Cooker,49.99
Uniqlo Airism Mesh Boxer Briefs,14.9
The Sun Also Rises by Ernest Hemingway,11.99
First Aid Beauty Ultra Repair Cream,34.0
Oakley Holbrook Sunglasses,146.0
Google Pixelbook Go,649.99
Dyson V8 Absolute,399.99
Levi's 511 Slim Fit Jeans,59.99
The Martian by Andy Weir,12.99
La Mer Cr√®me de la Mer Moisturizer,190.0
Polar Vantage V2,499.95
Sonos Beam Soundbar,399.0
Anova Precision Cooker,199.0
Nike Dri-FIT Training Shorts,34.99
The Catcher in the Rye by J.D. Salinger,10.99
Glossier Cloud Paint,18.0
TRX All-in-One Suspension Training System,169.95
Logitech G Pro X Wireless Gaming Headset,199.99
Breville Smart Coffee Grinder Pro,199.95
Adidas Ultraboost Running Shoes,179.99
The Road by Cormac McCarthy,11.99
Tom Ford Black Orchid Perfume,125.0
GoPro HERO9 Black,449.99
Apple TV 4K,179.0
Instant Pot Duo Nova,99.95
Gap 1969 Original Fit Jeans,59.99
The Goldfinch by Donna Tartt,14.99
Dr. Jart+ Cicapair Tiger Grass Color Correcting Treatment,52.0
Yeti Tundra Haul Portable Wheeled Cooler,399.99
Samsung Galaxy Watch 4,299.99
KitchenAid Stand Mixer,379.99
Lululemon Wunder Under High-Rise Leggings,98.0
The Great Alone by Kristin Hannah,16.99
Caudalie Vinoperfect Radiance Serum,79.0
Bose SoundLink Color Bluetooth Speaker II,129.0
Canon EOS Rebel T7i DSLR Camera,749.99
Keurig K-Elite Coffee Maker,169.99
Uniqlo Airism Seamless Boxer Briefs,9.9
The Girl with the Dragon Tattoo by Stieg Larsson,10.99
L'Occitane Shea Butter Hand Cream,29.0
YETI Tundra 65 Cooler,349.99
Apple MacBook Pro 16-inch,2399.0
iRobot Braava Jet M6,449.99
Champion Reverse Weave Hoodie,49.99
The Nightingale by Kristin Hannah,12.99
Tarte Shape Tape Concealer,27.0
Garmin Forerunner 945,599.99
Amazon Echo Dot (4th Gen),49.99
Philips Sonicare DiamondClean Toothbrush,229.99
Old Navy Mid-Rise Rockstar Super Skinny Jeans,44.99
The Silent Patient by Alex Michaelides,26.99
The Ordinary Caffeine Solution 5% + EGCG,6.7
Fitbit Luxe,149.95
Google Nest Wifi Router,169.0
Anova Precision Oven,599.0
Adidas Originals Trefoil Hoodie,64.99
Dune by Frank Herbert,9.99
Fresh Sugar Lip Treatment,24.0
Hydro Flask Standard Mouth Water Bottle,32.95
Bose QuietComfort 35 II Wireless Headphones,299.0
Nespresso Vertuo Next Coffee and Espresso Maker,159.99
Nike Air Force 1 Sneakers,90.0
The Handmaid's Tale by Margaret Atwood,10.99
Sunday Riley Luna Sleeping Night Oil,55.0
Yeti Rambler 20 oz Tumbler,29.99
